studentID,diemqt,assignmentID_mean,problemID_mean,coefficient_mean,pre_score_mean,is_final_mean,status_mean
0,7.5,107.76470588235294,254.22549019607845,3.0,6841.862745098039,0.4509803921568627,0.8627450980392157
1,7.0,117.17341040462428,215.89017341040463,3.0,6466.421965317919,0.4508670520231214,0.861271676300578
2,9.0,50.575,240.75,3.0,6870.25,0.5583333333333333,0.925
3,10.0,144.1086956521739,220.9782608695652,2.902173913043478,7281.576086956522,0.717391304347826,0.9347826086956522
4,9.0,113.92307692307692,216.8881118881119,3.0,6380.286713286713,0.6293706293706294,0.8391608391608392
5,9.0,150.5897435897436,218.0854700854701,2.9743589743589745,6138.452991452991,0.5128205128205128,0.8717948717948718
6,8.0,89.5223880597015,207.0248756218905,3.0,5778.975124378109,0.3830845771144278,0.8606965174129353
7,8.0,98.6,210.0387096774193,3.0,7314.01935483871,0.5870967741935483,0.9161290322580644
8,7.0,107.8216560509554,232.86624203821657,3.0,6390.286624203822,0.4713375796178344,0.8598726114649682
9,9.0,65.53076923076924,240.6692307692308,3.0,7334.453846153846,0.5769230769230769,0.8615384615384616
10,10.0,41.0,230.66666666666663,3.0,5619.0,0.6666666666666666,1.0
11,8.0,87.81203007518798,253.2556390977444,3.0,6320.917293233083,0.3834586466165413,0.9022556390977444
12,9.5,68.97109826589596,219.90751445086704,3.0,6131.624277456647,0.5202312138728323,0.8208092485549133
13,9.0,139.14,225.5,3.0,6211.593333333333,0.3266666666666666,0.9133333333333332
14,9.0,136.096,198.768,3.0,7174.088,0.568,0.912
15,6.5,109.6590909090909,211.79545454545453,3.0,5407.496212121212,0.3977272727272727,0.8522727272727273
16,9.5,86.03883495145631,198.2135922330097,3.0,7670.78640776699,0.5728155339805825,0.9029126213592232
17,9.0,119.25806451612904,227.5483870967742,3.0,4354.83870967742,0.5483870967741935,0.8709677419354839
18,10.0,84.87,223.725,3.0,6412.94,0.42,0.875
19,10.0,89.0,251.3333333333333,3.0,4017.222222222222,0.3333333333333333,1.0
20,10.0,94.46017699115043,184.8495575221239,3.0,5714.530973451328,0.4690265486725664,0.8053097345132744
21,9.0,125.92857142857144,226.2142857142857,3.0,7857.142857142857,0.75,0.9642857142857144
22,9.0,132.21014492753622,208.45652173913044,3.0,6266.050724637681,0.5144927536231884,0.8260869565217391
23,7.0,102.75454545454544,234.1409090909091,3.0,6527.290909090909,0.4863636363636364,0.8772727272727273
24,9.0,156.4795321637427,220.6140350877193,3.0,7141.859649122807,0.6374269005847953,0.8596491228070176
25,7.5,117.56028368794328,227.0070921985816,3.0,7420.0496453900705,0.5815602836879432,0.8723404255319149
26,9.0,149.11363636363637,234.97727272727272,2.6931818181818183,6090.0,0.5340909090909091,0.875
27,10.0,105.31636363636365,218.05454545454543,3.0,5764.989090909091,0.4181818181818181,0.8363636363636363
28,9.0,92.14893617021276,209.85531914893616,3.0,6607.238297872341,0.4595744680851064,0.8893617021276595
29,8.0,98.6144578313253,233.66265060240963,3.0,6575.951807228916,0.5301204819277109,0.9156626506024096
30,10.0,151.07,199.22,3.0,5596.86,0.45,0.87
31,9.5,88.73493975903614,216.5421686746988,3.0,6139.606425702811,0.429718875502008,0.8554216867469879
32,8.0,136.03125,228.21875,3.0,6670.65625,0.65625,0.96875
33,9.0,143.53205128205127,222.64102564102564,2.6923076923076925,5823.551282051282,0.4679487179487179,0.8333333333333334
34,8.0,71.56756756756756,202.86486486486487,3.0,6469.882882882883,0.5765765765765766,0.8108108108108109
35,7.5,89.45679012345678,232.27777777777777,3.0,4791.475308641975,0.3580246913580246,0.8024691358024691
36,7.0,100.47712418300654,207.68627450980392,3.0,7487.686274509804,0.738562091503268,0.8627450980392157
37,9.0,124.66467065868264,212.00598802395209,3.0,6885.502994011976,0.5149700598802395,0.8802395209580839
38,,89.0,253.57142857142856,3.0,7747.142857142857,0.7142857142857143,1.0
39,8.5,69.96503496503496,201.13286713286712,3.0,6077.321678321679,0.4475524475524475,0.8251748251748252
40,7.5,111.12582781456952,217.47019867549668,3.0,7049.377483443709,0.5298013245033113,0.8807947019867549
41,7.0,113.38888888888889,224.11111111111111,3.0,5812.126984126984,0.4523809523809524,0.8571428571428571
42,6.5,118.6099290780142,227.19858156028369,3.0,5763.822695035461,0.4680851063829787,0.8014184397163121
43,9.0,69.73571428571428,211.42857142857144,3.0,7384.592857142857,0.6571428571428571,0.8857142857142857
44,10.0,106.37373737373736,201.3232323232324,3.0,5588.777777777777,0.398989898989899,0.8282828282828283
45,8.0,100.58288770053476,223.80748663101605,3.0,6596.855614973262,0.4866310160427807,0.8502673796791443
46,8.0,66.79166666666667,196.125,3.0,5235.104166666667,0.5729166666666666,0.7395833333333334
47,7.0,107.03930131004368,210.64192139737992,3.0,5623.781659388646,0.4323144104803493,0.8165938864628821
48,9.0,140.90579710144928,199.09420289855072,3.0,6105.95652173913,0.5072463768115942,0.8115942028985508
49,10.0,89.35964912280701,196.8245614035088,3.0,6315.3859649122805,0.5,0.8245614035087719
50,10.0,121.68,252.76,3.0,8400.0,0.8,0.88
51,7.0,117.30666666666669,204.36666666666667,3.0,6962.9,0.56,0.8933333333333333
52,9.0,138.95833333333334,252.625,3.0,8125.0,0.75,1.0
53,6.5,89.13375796178345,248.0764331210191,3.0,5729.528662420382,0.286624203821656,0.8726114649681529
54,7.0,83.94871794871794,238.05128205128204,3.0,6123.717948717948,0.5128205128205128,0.8974358974358975
55,9.5,91.74537037037037,220.88888888888889,3.0,6482.217592592592,0.4814814814814814,0.8564814814814815
56,8.5,88.05263157894737,192.05263157894737,3.0,4756.571428571428,0.4060150375939849,0.8195488721804511
57,9.0,102.3076923076923,183.92307692307693,3.0,7564.102564102564,0.6410256410256411,0.9487179487179488
58,8.0,88.88235294117646,215.9803921568628,3.0,6498.705882352941,0.5490196078431373,0.9411764705882352
59,10.0,89.86092715231788,239.71523178807948,3.0,7122.894039735099,0.4900662251655629,0.9403973509933776
60,8.0,124.6896551724138,285.3103448275862,3.0,8616.689655172413,0.6896551724137931,0.9655172413793104
61,9.5,116.46616541353384,221.312030075188,3.0,4265.2593984962405,0.3909774436090225,0.7105263157894737
62,9.0,92.85714285714286,221.41071428571428,3.0,4826.839285714285,0.3928571428571428,0.7142857142857143
63,9.0,131.13953488372093,261.7674418604651,3.0,4953.488372093023,0.4418604651162791,0.6976744186046512
64,8.0,103.75776397515529,219.32298136645963,2.8447204968944098,6248.695652173913,0.391304347826087,0.9565217391304348
65,10.0,98.14285714285714,281.2857142857143,2.7142857142857144,7350.928571428572,0.6428571428571429,0.8571428571428571
66,9.5,51.876288659793815,203.77319587628867,3.0,6314.886597938144,0.5257731958762887,0.845360824742268
67,10.0,142.8108108108108,214.3175675675676,2.7364864864864864,5825.722972972973,0.4797297297297297,0.8918918918918919
68,7.5,93.3913043478261,206.9503105590062,3.0,6368.782608695652,0.6273291925465838,0.782608695652174
69,6.0,101.5744680851064,230.7872340425532,3.0,5833.031914893617,0.4574468085106383,0.8297872340425532
70,9.5,97.28448275862068,199.24137931034485,3.0,7020.775862068966,0.7068965517241379,0.8620689655172413
71,7.5,92.2974358974359,211.85641025641024,3.0,6390.394871794872,0.5333333333333333,0.8512820512820513
72,7.0,89.0,274.2,3.0,0.0,1.0,0.0
73,10.0,89.0,241.3333333333333,3.0,2600.333333333333,0.6666666666666666,0.6666666666666666
74,4.5,35.0,283.53333333333336,3.0,4314.266666666666,0.3333333333333333,0.7333333333333333
75,6.0,83.46728971962617,222.84112149532712,3.0,5931.308411214954,0.5046728971962616,0.8317757009345794
76,7.5,103.40384615384616,229.6346153846154,3.0,7142.4807692307695,0.5865384615384616,0.875
77,10.0,64.85087719298245,228.17543859649123,3.0,6617.666666666667,0.5350877192982456,0.9210526315789472
78,8.0,89.67381974248927,221.67811158798284,2.982832618025751,5205.051502145922,0.296137339055794,0.9012875536480688
79,10.0,97.2,172.22857142857143,3.0,7685.714285714285,0.7428571428571429,0.9428571428571428
80,10.0,91.6441717791411,215.6073619631902,3.0,7108.815950920245,0.6134969325153374,0.8343558282208589
81,8.0,95.744,206.192,3.0,7895.56,0.624,0.96
82,5.0,67.8780487804878,177.8780487804878,3.0,4890.0,0.4146341463414634,0.7317073170731707
83,,89.0,241.5,3.0,4692.5,0.5,1.0
84,7.5,113.9171597633136,204.88757396449705,3.0,6429.15976331361,0.514792899408284,0.863905325443787
85,10.0,102.96803652968036,200.36529680365297,3.0,6808.598173515982,0.4977168949771689,0.867579908675799
86,4.5,80.83333333333333,277.0833333333333,3.0,3015.145833333333,0.4791666666666667,0.6666666666666666
87,6.5,106.0754716981132,252.03773584905665,3.0,5658.566037735849,0.3962264150943396,0.8301886792452831
88,10.0,75.03389830508475,220.4915254237288,3.0,6552.101694915255,0.5,0.8135593220338984
89,10.0,151.3298969072165,220.2319587628866,3.0,6126.89175257732,0.5,0.8092783505154639
90,10.0,32.0,188.0,3.0,5000.0,0.5,0.5
91,,89.0,288.0,3.0,5429.4,0.8,1.0
92,9.0,127.89655172413794,216.24137931034485,3.0,5862.068965517241,0.5862068965517241,0.9310344827586208
93,6.0,68.86602870813397,217.7464114832536,3.0,6539.67942583732,0.5406698564593302,0.9234449760765552
94,9.5,136.06508875739644,190.77514792899407,2.769230769230769,6004.775147928994,0.4911242603550296,0.8757396449704142
95,7.0,79.48611111111111,252.48611111111111,3.0,5876.736111111111,0.4861111111111111,0.8194444444444444
96,9.0,100.47916666666669,185.125,3.0,7520.833333333333,0.7083333333333334,1.0
97,7.0,115.536,222.304,3.0,6599.6,0.56,0.848
98,9.5,58.59493670886076,235.0379746835443,3.0,6036.556962025316,0.5443037974683544,0.8734177215189873
99,9.0,101.6,201.925,3.0,7402.775,0.725,0.875
100,9.0,81.58095238095238,185.83809523809524,3.0,6960.8,0.580952380952381,0.8952380952380953
101,10.0,90.93693693693692,207.5495495495496,3.0,6062.22972972973,0.4684684684684684,0.8513513513513513
102,9.0,66.70873786407768,194.41747572815527,3.0,6868.669902912621,0.4854368932038835,0.8932038834951457
103,10.0,86.17796610169492,184.79661016949152,3.0,5832.779661016949,0.4491525423728814,0.8135593220338984
104,10.0,89.0,202.0,3.0,0.0,0.5,1.0
105,9.5,94.46242774566474,205.2369942196532,3.0,6431.14450867052,0.5260115606936416,0.8208092485549133
106,10.0,72.32142857142857,210.78571428571428,2.625,7486.589285714285,0.6428571428571429,0.9107142857142856
107,8.0,105.96268656716418,230.7388059701493,3.0,5925.738805970149,0.3432835820895522,0.917910447761194
108,8.5,107.26041666666669,220.15625,3.0,6378.307291666667,0.484375,0.8802083333333334
109,5.0,64.39583333333333,256.4583333333333,3.0,5172.854166666667,0.4791666666666667,0.8125
110,8.0,115.45703125,225.71875,3.0,5823.40625,0.43359375,0.8203125
111,10.0,95.0648148148148,196.66666666666663,3.0,6997.018518518518,0.6851851851851852,0.8518518518518519
112,1.5,122.46428571428572,197.57142857142856,3.0,6576.517857142857,0.5892857142857143,0.7946428571428571
113,7.0,86.4773519163763,213.7386759581881,3.0,5615.226480836237,0.3867595818815331,0.867595818815331
114,7.5,114.34146341463416,248.65853658536585,3.0,3439.0243902439024,0.4634146341463415,0.6341463414634146
115,9.5,96.12616822429906,221.1308411214953,3.0,7017.873831775701,0.5841121495327103,0.8878504672897196
116,10.0,108.66844919786097,220.46524064171123,3.0,5978.588235294118,0.427807486631016,0.8342245989304813
117,7.5,158.77824267782427,211.85355648535565,3.0,6270.7531380753135,0.4644351464435146,0.8368200836820083
118,4.5,114.4367816091954,215.80459770114945,3.0,7850.574712643678,0.7816091954022989,0.8505747126436781
119,7.0,84.67441860465117,202.8372093023256,3.0,7643.395348837209,0.686046511627907,0.8604651162790697
120,8.5,80.07857142857142,235.4,3.0,6082.071428571428,0.4571428571428571,0.8928571428571429
121,9.0,90.35151515151514,239.6787878787879,3.0,6638.860606060606,0.4848484848484848,0.9090909090909092
122,8.0,152.2,251.2,3.0,7333.333333333333,0.8,0.9333333333333332
123,10.0,98.45588235294116,200.41176470588235,3.0,8344.60294117647,0.7205882352941176,0.9558823529411764
124,10.0,88.97727272727273,231.3636363636364,3.0,6648.772727272727,0.4431818181818182,0.8977272727272727
125,9.5,109.52542372881356,211.8248587570621,3.0,5898.271186440678,0.5254237288135594,0.7853107344632768
126,8.5,77.6536312849162,239.45251396648044,3.0,6342.2793296089385,0.4636871508379888,0.8603351955307262
127,7.0,78.75700934579439,211.84112149532712,3.0,7174.953271028037,0.5514018691588785,0.9158878504672896
128,10.0,67.12037037037037,218.39814814814807,3.0,6450.555555555556,0.4351851851851852,0.9074074074074074
129,9.0,98.196261682243,232.99065420560748,3.0,6562.401869158878,0.616822429906542,0.8411214953271028
130,9.5,90.07368421052632,218.9684210526316,3.0,7410.805263157895,0.6052631578947368,0.8842105263157894
131,6.5,121.325,219.9875,3.0,6522.45,0.6,0.79375
132,7.5,94.15677966101696,209.521186440678,3.0,5695.14406779661,0.5,0.7457627118644068
133,5.0,124.82840236686393,199.5857988165681,3.0,5547.650887573965,0.4437869822485207,0.8165680473372781
134,10.0,146.17241379310346,227.55172413793105,3.0,2931.0344827586205,0.4137931034482758,0.7586206896551724
135,7.0,113.41176470588236,222.18235294117648,3.0,7444.84705882353,0.5941176470588235,0.9
136,8.0,113.44736842105264,211.27894736842103,2.968421052631579,6352.3105263157895,0.5473684210526316,0.8473684210526315
137,7.5,154.4920634920635,226.3968253968254,3.0,7050.248677248677,0.5714285714285714,0.8677248677248677
138,9.0,137.23456790123456,212.641975308642,3.0,7356.814814814815,0.5802469135802469,0.9012345679012346
139,6.5,77.36170212765957,222.2978723404256,3.0,5515.797872340426,0.5851063829787234,0.7659574468085106
140,9.0,94.65277777777776,210.6435185185185,3.0,6470.277777777777,0.4861111111111111,0.8611111111111112
141,10.0,32.0,192.0,3.0,5775.727272727273,0.8181818181818182,1.0
142,10.0,32.0,257.0,3.0,2360.75,0.125,0.875
143,9.0,152.2,246.0,2.7333333333333334,6239.2444444444445,0.5111111111111111,0.8888888888888888
144,9.0,67.14893617021276,164.25531914893617,3.0,6603.340425531915,0.5106382978723404,0.9148936170212766
145,9.0,157.47297297297297,205.4144144144144,3.0,6979.036036036036,0.4954954954954955,0.9234234234234234
146,7.5,113.03448275862068,210.48706896551724,3.0,5649.702586206897,0.3922413793103448,0.8146551724137931
147,8.5,149.5921052631579,213.7828947368421,3.0,7893.282894736842,0.7236842105263158,0.9078947368421052
148,9.0,70.47826086956522,210.2246376811594,3.0,6241.601449275362,0.5217391304347826,0.8188405797101449
149,9.0,109.6,185.5428571428572,3.0,7428.571428571428,0.6857142857142857,0.9142857142857144
150,9.0,98.1867469879518,235.27710843373487,3.0,6726.27108433735,0.5481927710843374,0.8674698795180723
151,9.0,90.64912280701756,211.5672514619883,3.0,4959.3216374269,0.5087719298245614,0.7251461988304093
152,9.0,108.67952522255192,210.813056379822,3.0,6365.643916913947,0.4065281899109792,0.8694362017804155
153,10.0,41.0,147.0,3.0,656.8571428571429,0.5714285714285714,1.0
154,7.0,103.6089965397924,225.93771626297573,3.0,4872.910034602076,0.4394463667820069,0.7474048442906575
155,9.5,164.0,241.69333333333333,2.88,7494.586666666667,0.64,0.92
156,9.0,50.19178082191781,219.337899543379,3.0,7003.922374429224,0.54337899543379,0.8949771689497716
157,7.0,88.71153846153847,251.28846153846155,3.0,8038.461538461538,0.7884615384615384,0.903846153846154
158,5.5,69.86363636363636,230.72727272727272,3.0,5289.477272727273,0.4204545454545454,0.8522727272727273
159,8.0,132.38095238095238,253.5952380952381,3.0,8189.119047619048,0.6666666666666666,0.9761904761904762
160,5.5,61.73684210526316,217.8947368421053,3.0,3593.1052631578946,0.5526315789473685,0.6578947368421053
161,10.0,145.02803738317758,206.2803738317757,2.97196261682243,6694.85046728972,0.5794392523364486,0.8504672897196262
162,7.5,110.9748743718593,210.77386934673368,3.0,6011.693467336683,0.4874371859296482,0.8793969849246231
163,8.0,87.9322033898305,227.47457627118644,2.5508474576271185,6731.983050847458,0.5338983050847458,0.8983050847457628
164,10.0,76.48,182.92,3.0,5904.0,0.6,0.84
165,9.0,136.50617283950618,233.0493827160494,3.0,6345.555555555556,0.5432098765432098,0.8641975308641975
166,7.0,107.37016574585635,217.9171270718232,3.0,6840.839779005525,0.6187845303867403,0.8287292817679558
167,10.0,38.70588235294117,289.0,3.0,4476.294117647059,0.4117647058823529,0.9411764705882352
168,5.0,68.3716814159292,196.00884955752213,3.0,4293.539823008849,0.4424778761061947,0.7787610619469026
169,9.5,86.33333333333333,248.03508771929825,3.0,6740.298245614035,0.5877192982456141,0.8947368421052632
170,10.0,151.5686274509804,217.25980392156865,3.0,6295.019607843137,0.5098039215686274,0.8431372549019608
171,7.0,139.27835051546393,225.64948453608247,3.0,6786.948453608247,0.4536082474226804,0.9072164948453608
172,10.0,136.59574468085106,226.9787234042553,3.0,4893.617021276596,0.425531914893617,0.8723404255319149
173,7.5,113.06153846153846,206.04615384615383,3.0,5726.0615384615385,0.482051282051282,0.7897435897435897
174,10.0,41.0,230.66666666666663,3.0,285.5,0.3333333333333333,0.6666666666666666
175,6.0,104.4207650273224,205.1803278688525,3.0,7055.601092896175,0.5683060109289617,0.9016393442622952
176,10.0,133.64,248.56,3.0,5754.44,0.44,0.88
177,9.0,108.625,233.0,3.0,7062.625,0.6,0.925
178,9.0,68.3125,225.23611111111111,2.548611111111111,6396.277777777777,0.4236111111111111,0.9166666666666666
179,5.0,77.16091954022988,213.80459770114945,3.0,7429.045977011494,0.6666666666666666,0.9195402298850576
180,7.0,91.35754189944134,210.8659217877095,3.0,7061.692737430168,0.5977653631284916,0.8938547486033519
181,5.5,77.45454545454545,208.73636363636365,3.0,6164.254545454545,0.5545454545454546,0.8181818181818182
182,8.0,36.50413223140496,226.5537190082645,3.0,6250.958677685951,0.5206611570247934,0.7933884297520661
183,9.5,110.79113924050633,211.2025316455696,3.0,6401.373417721519,0.5316455696202531,0.8544303797468354
184,6.5,105.989010989011,246.72527472527472,3.0,7254.527472527472,0.5934065934065934,0.9010989010989012
185,7.0,101.57407407407408,213.9135802469136,3.0,6217.580246913581,0.5246913580246914,0.8333333333333334
186,9.0,61.35918367346939,210.65714285714284,3.0,6298.510204081633,0.4897959183673469,0.9020408163265308
187,8.0,70.56451612903226,221.57258064516128,3.0,6324.241935483871,0.4354838709677419,0.9112903225806452
188,9.5,136.79381443298968,237.4020618556701,3.0,6385.072164948454,0.5257731958762887,0.8041237113402062
189,9.5,93.23,219.97,3.0,7258.34,0.585,0.885
190,9.5,83.38489208633094,204.92805755395685,3.0,7207.104316546763,0.3992805755395683,0.8992805755395683
191,9.0,140.75,217.97619047619048,3.0,5688.160714285715,0.3869047619047619,0.7678571428571429
192,0.0,188.0,224.0,3.0,10000.0,1.0,1.0
193,8.0,103.9408866995074,210.67487684729065,3.0,6714.088669950739,0.5270935960591133,0.8866995073891626
194,8.0,131.35416666666666,247.7083333333333,3.0,5625.395833333333,0.4270833333333333,0.7916666666666666
195,,41.0,91.25,3.0,3998.625,0.5,1.0
196,10.0,92.52450980392156,228.1960784313725,3.0,5986.75,0.5,0.8137254901960784
197,8.0,71.93103448275862,229.72413793103448,3.0,5665.850574712644,0.4597701149425287,0.7701149425287356
198,7.5,119.13452914798206,210.68161434977577,3.0,6396.035874439462,0.4932735426008968,0.9103139013452914
199,7.0,119.0427807486631,223.6898395721925,3.0,6376.663101604278,0.5347593582887701,0.8128342245989305
200,9.5,87.11235955056179,226.370786516854,3.0,5010.561797752809,0.5168539325842697,0.8202247191011236
201,8.5,95.98529411764706,216.64705882352945,3.0,6541.470588235294,0.5367647058823529,0.8970588235294118
202,10.0,98.02597402597402,243.72727272727272,3.0,7547.8441558441555,0.6753246753246753,0.8961038961038961
203,9.0,110.82456140350877,205.4517543859649,3.0,6392.425438596491,0.4692982456140351,0.8947368421052632
204,6.5,77.6046511627907,271.90697674418607,3.0,6814.337209302325,0.4883720930232558,0.8488372093023255
205,8.5,117.49777777777778,210.7555555555556,3.0,6163.782222222222,0.4133333333333333,0.8266666666666667
206,10.0,90.93457943925232,244.94392523364485,3.0,7020.7663551401865,0.5607476635514018,0.8785046728971962
207,10.0,96.9009433962264,204.3584905660377,3.0,7115.707547169812,0.5518867924528302,0.9245283018867924
208,7.0,89.19375,230.9875,3.0,6558.18125,0.5625,0.84375
209,7.5,93.58235294117648,222.0941176470588,3.0,7131.529411764706,0.5764705882352941,0.8647058823529412
210,,62.4,235.6,3.0,4131.666666666667,0.4,0.8
211,10.0,76.01574803149606,215.17322834645668,3.0,6631.488188976378,0.4960629921259842,0.889763779527559
212,6.0,108.50234741784035,220.9718309859155,3.0,5731.295774647887,0.5211267605633803,0.8356807511737089
213,10.0,37.125,189.1875,3.0,7757.8125,0.625,0.9375
214,7.5,89.0,254.66666666666663,3.0,3806.6666666666665,0.6666666666666666,1.0
215,7.0,149.8095238095238,222.3809523809524,3.0,4429.476190476191,0.4285714285714285,0.5714285714285714
216,8.5,88.24,213.45142857142852,3.0,6238.342857142857,0.5371428571428571,0.8057142857142857
217,8.0,82.43529411764706,189.0,3.0,7875.811764705882,0.7294117647058823,0.9176470588235294
218,9.0,98.03,195.0,3.0,6260.92,0.65,0.81
219,8.0,87.56043956043956,243.456043956044,3.0,6265.274725274725,0.412087912087912,0.8846153846153846
220,8.5,137.0,280.2894736842105,3.0,6188.631578947368,0.631578947368421,0.8421052631578947
221,9.5,72.11111111111111,228.875,3.0,6972.194444444444,0.6388888888888888,0.9027777777777778
222,6.0,98.85555555555555,215.62222222222223,3.0,6509.333333333333,0.5111111111111111,0.8888888888888888
223,8.0,88.38931297709924,181.0916030534351,3.0,5238.18320610687,0.4122137404580153,0.7557251908396947
224,8.5,105.99603174603176,211.3174603174604,3.0,6115.202380952381,0.4404761904761904,0.8333333333333334
225,8.5,144.94117647058823,218.9607843137255,3.0,4989.843137254902,0.3333333333333333,0.8627450980392157
226,9.0,95.375,211.60416666666663,3.0,6687.986111111111,0.6388888888888888,0.8958333333333334
227,9.5,89.0,276.0,3.0,2111.333333333333,0.3333333333333333,0.6666666666666666
228,6.5,103.9816513761468,219.1834862385321,3.0,7480.532110091744,0.6513761467889908,0.8715596330275229
229,9.0,89.54929577464789,215.5774647887324,3.0,6817.262910798122,0.4929577464788732,0.8779342723004695
230,10.0,167.66666666666666,214.1494252873563,3.0,6503.448275862069,0.6091954022988506,0.8160919540229885
231,7.0,112.24152542372882,234.14830508474577,3.0,5398.25,0.3898305084745763,0.8305084745762712
232,8.5,90.0,246.4583333333333,3.0,6244.375,0.3916666666666666,0.8583333333333333
233,8.5,89.89908256880734,232.4311926605505,3.0,5767.568807339449,0.4128440366972477,0.908256880733945
234,7.0,81.45454545454545,249.23376623376623,3.0,7433.467532467533,0.6753246753246753,0.9090909090909092
235,9.0,115.0,186.725,3.0,5875.0,0.55,0.9
236,7.5,86.2060606060606,216.7878787878788,3.0,4479.866666666667,0.5212121212121212,0.8
237,9.0,98.54609929078016,212.74468085106383,3.0,8037.815602836879,0.7588652482269503,0.9148936170212766
238,8.0,113.35454545454546,213.77272727272728,3.0,6555.672727272728,0.5363636363636364,0.8818181818181818
239,10.0,94.33333333333331,237.3785310734464,3.0,6639.039548022599,0.423728813559322,0.9096045197740112
240,9.5,148.30653266331657,218.54773869346727,3.0,5008.517587939698,0.4673366834170854,0.7487437185929648
241,8.5,141.9047619047619,210.2142857142857,3.0,7199.730158730159,0.6984126984126984,0.8968253968253969
242,7.0,70.7196261682243,189.1308411214953,3.0,6380.0373831775705,0.5700934579439252,0.8504672897196262
243,9.0,116.55,200.49,3.0,7633.34,0.77,0.86
244,,89.0,291.5,3.0,6457.6,0.5,1.0
245,9.0,110.45522388059702,206.1044776119403,3.0,7387.604477611941,0.6119402985074627,0.8805970149253731
246,10.0,61.02547770700637,205.9171974522293,3.0,5006.025477707007,0.4522292993630573,0.7961783439490446
247,9.0,97.89880952380952,209.125,3.0,6593.398809523809,0.5654761904761905,0.8809523809523809
248,10.0,105.95918367346938,226.3622448979592,3.0,6071.7959183673465,0.4693877551020408,0.8520408163265306
249,7.5,112.32599118942731,214.98678414096915,3.0,6637.828193832599,0.5022026431718062,0.8942731277533039
250,10.0,113.36979166666669,220.71875,3.0,7185.645833333333,0.5364583333333334,0.9270833333333334
251,8.0,85.73584905660377,174.68867924528303,3.0,5069.415094339623,0.4339622641509434,0.7924528301886793
252,9.5,107.2914979757085,211.21862348178132,3.0,6329.607287449393,0.4493927125506073,0.8987854251012146
253,9.0,91.92207792207792,237.8961038961039,3.0,5235.502164502164,0.3073593073593073,0.8181818181818182
254,9.0,135.3203125,193.5625,3.0,6666.609375,0.546875,0.84375
255,10.0,81.1858407079646,198.24778761061947,3.0,7286.115044247787,0.5221238938053098,0.8938053097345132
256,9.0,55.5609756097561,241.6951219512195,3.0,4779.841463414634,0.5487804878048781,0.8658536585365854
257,10.0,98.97448979591836,210.4387755102041,3.0,6402.627551020408,0.5102040816326531,0.8775510204081632
258,9.0,62.24451410658308,213.0971786833856,2.8495297805642634,6270.0564263322885,0.4545454545454545,0.8840125391849529
259,7.5,153.6008230452675,222.9218106995885,3.0,6447.954732510288,0.4650205761316872,0.8641975308641975
260,9.0,90.08450704225352,222.3849765258216,3.0,6172.962441314554,0.488262910798122,0.8591549295774648
261,9.0,7.0,263.57142857142856,3.0,5904.761904761905,0.5714285714285714,0.7619047619047619
262,9.5,81.59154929577464,210.2676056338028,3.0,6102.55985915493,0.4683098591549295,0.852112676056338
263,7.0,88.57608695652173,227.27717391304347,3.0,7186.597826086957,0.5815217391304348,0.9130434782608696
264,10.0,102.47560975609755,213.390243902439,3.0,5821.756097560976,0.5365853658536586,0.7926829268292683
265,8.5,150.0327868852459,209.73224043715848,3.0,6508.404371584699,0.5628415300546448,0.8579234972677595
266,5.5,114.73024523160764,226.4196185286104,3.0,5641.25068119891,0.3024523160762943,0.8528610354223434
267,10.0,89.0,305.6666666666667,3.0,3750.0,0.6666666666666666,1.0
268,8.0,105.53757225433526,272.01734104046244,3.0,5597.774566473989,0.3872832369942196,0.861271676300578
269,10.0,110.32692307692308,223.26282051282053,3.0,7199.282051282052,0.5833333333333334,0.8910256410256411
270,9.5,154.18947368421053,219.95263157894732,3.0,6615.715789473684,0.5842105263157895,0.8263157894736842
271,6.0,81.2,302.0,3.0,5733.333333333333,0.6666666666666666,0.8666666666666667
272,9.0,106.25360230547552,216.15273775216136,3.0,5536.988472622478,0.3544668587896253,0.8328530259365994
273,9.0,78.36734693877551,212.1768707482993,2.4693877551020407,5543.374149659864,0.4421768707482993,0.8775510204081632
274,8.0,163.25,266.8333333333333,3.0,1666.6666666666667,0.6666666666666666,0.9166666666666666
275,7.0,93.72995780590718,204.51054852320675,3.0,5842.37552742616,0.4556962025316455,0.8481012658227848
276,5.0,74.2,203.1125,3.0,787.5,0.8125,0.45
277,10.0,161.23423423423424,218.1441441441441,2.864864864864865,6485.657657657658,0.5675675675675675,0.927927927927928
278,10.0,85.91566265060241,239.4156626506024,3.0,6976.753012048192,0.4518072289156626,0.8795180722891566
279,9.5,93.5,213.0471698113208,3.0,6198.311320754717,0.5660377358490566,0.8018867924528302
280,1.5,63.26923076923077,218.21153846153845,3.0,6498.076923076923,0.4230769230769231,0.8653846153846154
281,9.5,68.21621621621621,208.51891891891893,3.0,5956.389189189189,0.518918918918919,0.8054054054054054
282,6.0,79.5,234.75,3.0,4356.0,0.75,1.0
283,9.0,113.76233183856502,220.3542600896861,3.0,6922.4260089686095,0.5112107623318386,0.8968609865470852
284,9.0,132.1062271062271,217.1172161172161,2.758241758241758,5351.728937728938,0.3516483516483517,0.8644688644688645
285,8.5,96.08510638297872,227.80851063829783,3.0,6723.36170212766,0.6595744680851063,0.8723404255319149
286,10.0,84.65945945945946,201.38378378378377,3.0,6168.243243243243,0.5297297297297298,0.8594594594594595
287,8.5,87.07777777777778,203.2,3.0,6070.262962962963,0.3925925925925926,0.8481481481481481
288,10.0,32.0,253.0,3.0,2285.4,0.2,0.8
289,7.5,100.35,216.35,3.0,6029.816666666667,0.5333333333333333,0.8
290,10.0,85.9140625,240.4609375,2.6171875,7824.53125,0.59375,0.9609375
291,9.0,92.48993288590604,214.3087248322148,3.0,6919.597315436242,0.5503355704697986,0.906040268456376
292,6.0,106.94166666666666,226.375,3.0,6668.05,0.5166666666666667,0.9166666666666666
293,10.0,105.36651583710407,211.52941176470588,3.0,4971.235294117647,0.4841628959276018,0.7828054298642534
294,8.0,86.8688524590164,204.8606557377049,3.0,7311.475409836065,0.7049180327868853,0.819672131147541
295,9.0,77.41721854304636,195.43046357615893,3.0,5537.490066225166,0.4172185430463576,0.7682119205298014
296,7.0,111.96380090497738,216.3484162895928,3.0,6728.447963800905,0.4751131221719457,0.9049773755656108
297,9.0,107.75121951219512,219.7560975609756,3.0,5503.321951219512,0.4146341463414634,0.8
298,10.0,115.80434782608695,213.47282608695653,3.0,6355.027173913043,0.5489130434782609,0.8043478260869565
299,9.0,109.89204545454544,211.1903409090909,3.0,4963.548295454545,0.3068181818181818,0.8039772727272727
300,7.0,106.60103626943004,203.8860103626943,3.0,6742.227979274611,0.5440414507772021,0.8911917098445595
301,8.0,116.8944099378882,211.472049689441,3.0,6307.770186335404,0.4596273291925465,0.8881987577639752
302,9.0,127.42281879194633,212.63758389261744,3.0,6789.859060402685,0.4161073825503356,0.9395973154362416
303,9.0,90.8757396449704,239.5976331360947,3.0,6733.923076923077,0.4437869822485207,0.9053254437869822
304,8.5,95.2687074829932,228.39455782312925,3.0,4870.251700680272,0.4217687074829932,0.7891156462585034
305,9.5,95.04347826086956,220.0496894409938,3.0,7516.316770186336,0.6335403726708074,0.9130434782608696
306,10.0,132.13970588235293,208.1985294117647,2.7794117647058822,7270.64705882353,0.5294117647058824,0.9117647058823528
307,9.5,107.43636363636364,200.9272727272728,3.0,6731.418181818181,0.6060606060606061,0.806060606060606
308,9.0,87.89430894308943,242.14634146341464,3.0,6607.861788617886,0.5609756097560976,0.902439024390244
309,10.0,154.296,211.76,2.832,6626.624,0.528,0.88
310,9.5,138.40268456375838,209.24161073825505,3.0,5894.832214765101,0.3691275167785235,0.8389261744966443
311,10.0,87.07638888888889,199.0833333333333,3.0,5268.666666666667,0.4444444444444444,0.8263888888888888
312,9.0,95.3755458515284,224.5065502183406,2.8253275109170306,5430.096069868996,0.3362445414847161,0.8951965065502183
313,9.5,39.85294117647059,237.08823529411765,3.0,5475.205882352941,0.5588235294117647,0.7647058823529411
314,9.0,56.708154506437765,210.51502145922743,2.92274678111588,5717.412017167382,0.463519313304721,0.8240343347639485
315,9.0,77.86013986013987,175.4265734265734,3.0,6193.272727272727,0.4405594405594406,0.8811188811188811
316,9.5,97.9650655021834,224.53275109170303,3.0,6716.235807860262,0.5152838427947598,0.8864628820960698
317,4.5,122.48275862068964,195.26896551724136,3.0,7013.124137931034,0.5793103448275863,0.8620689655172413
318,5.5,103.88356164383562,243.18493150684927,3.0,5139.123287671233,0.2945205479452055,0.863013698630137
319,10.0,87.62037037037037,202.5,3.0,6235.648148148148,0.4907407407407407,0.7685185185185185
320,8.0,159.52631578947367,201.31578947368425,3.0,5992.768421052631,0.5263157894736842,0.8526315789473684
321,0.0,139.44444444444446,256.85185185185185,3.0,3851.851851851852,0.4814814814814814,0.6666666666666666
322,7.5,77.22,220.98,3.0,5659.74,0.58,0.82
323,5.5,107.11627906976744,212.0523255813953,3.0,6305.308139534884,0.4941860465116279,0.8255813953488372
324,10.0,102.90534979423867,207.9958847736625,3.0,6026.9670781893,0.4320987654320987,0.8683127572016461
325,9.5,108.67226890756302,213.0,3.0,6999.924369747899,0.6218487394957983,0.8823529411764706
326,9.0,83.9342105263158,197.1184210526316,3.0,7783.605263157895,0.6710526315789473,0.9210526315789472
327,9.0,123.43537414965986,220.51020408163265,2.816326530612245,6622.353741496599,0.4897959183673469,0.9251700680272108
328,7.0,102.9746835443038,223.1772151898734,3.0,7300.405063291139,0.5822784810126582,0.9367088607594936
329,6.0,105.1372549019608,223.2313725490196,3.0,6597.6,0.5176470588235295,0.8980392156862745
330,7.5,122.15723270440252,221.53459119496856,3.0,6861.943396226415,0.4654088050314465,0.8805031446540881
331,9.5,95.36713286713288,217.993006993007,3.0,4873.199300699301,0.3461538461538461,0.7762237762237763
332,9.0,72.81553398058253,208.4126213592233,3.0,4699.111650485437,0.3058252427184466,0.7912621359223301
333,6.5,115.00581395348836,200.12790697674416,3.0,6744.96511627907,0.5523255813953488,0.8372093023255814
334,9.0,90.98717948717947,189.3782051282052,3.0,5098.679487179487,0.3782051282051282,0.7948717948717948
335,6.0,125.6121212121212,205.0969696969697,3.0,6034.872727272727,0.4666666666666667,0.8484848484848485
336,9.0,161.4,203.2,3.0,7000.0,0.7,1.0
337,10.0,141.71969696969697,226.8409090909091,2.840909090909091,5886.613636363636,0.5757575757575758,0.8787878787878788
338,6.5,105.20253164556962,211.626582278481,3.0,6956.126582278481,0.5632911392405063,0.9430379746835444
339,5.0,110.0,265.0,3.0,0.0,0.5,0.0
340,10.0,98.3867924528302,232.83018867924528,3.0,6132.528301886792,0.3773584905660377,0.8962264150943396
341,8.0,100.1963190184049,209.65030674846625,3.0,6362.926380368098,0.5337423312883436,0.8650306748466258
342,10.0,86.24489795918367,208.23469387755105,3.0,5979.959183673469,0.4948979591836734,0.8877551020408163
343,7.0,105.74074074074076,202.0185185185185,3.0,6546.574074074074,0.5370370370370371,0.8333333333333334
344,8.5,89.0,279.0,3.0,2526.0,0.4,0.8
345,9.5,92.61711711711712,248.71621621621625,3.0,5435.018018018018,0.3468468468468468,0.8378378378378378
346,8.5,88.49480968858131,193.0968858131488,3.0,4924.093425605536,0.3460207612456747,0.7889273356401384
347,5.0,78.34482758620689,213.896551724138,3.0,7183.017241379311,0.5862068965517241,0.913793103448276
348,4.5,101.375,255.53125,3.0,7073.78125,0.4895833333333333,0.9479166666666666
349,6.0,104.43005181347152,235.51295336787564,3.0,5610.829015544042,0.4300518134715025,0.8082901554404145
350,7.5,85.17777777777778,202.1888888888889,3.0,7630.055555555556,0.6,0.8888888888888888
351,10.0,139.67460317460316,213.84126984126985,3.0,4219.444444444444,0.4285714285714285,0.7698412698412699
352,9.0,130.5952380952381,241.7142857142857,3.0,5833.333333333333,0.5,0.9047619047619048
353,10.0,106.73431734317344,217.3321033210332,3.0,5902.826568265683,0.4317343173431734,0.8339483394833949
354,9.0,78.09022556390977,184.35338345864665,3.0,5924.81954887218,0.4586466165413533,0.8045112781954887
355,9.0,104.28448275862068,193.5344827586207,3.0,7528.879310344828,0.6551724137931034,0.8879310344827587
356,10.0,148.84745762711864,219.4237288135593,2.8983050847457625,6276.85593220339,0.5677966101694916,0.9067796610169492
357,9.0,87.4054054054054,197.5675675675676,3.0,7036.027027027027,0.7162162162162162,0.8513513513513513
358,8.5,104.4065934065934,201.021978021978,3.0,6714.813186813187,0.510989010989011,0.8571428571428571
359,9.5,135.13114754098362,223.9344262295082,3.0,7996.983606557377,0.7540983606557377,0.8852459016393442
360,9.5,89.87878787878788,228.84848484848484,2.8484848484848486,6819.884848484849,0.4606060606060606,0.9636363636363636
361,9.0,98.6907894736842,211.61184210526315,3.0,7350.664473684211,0.6842105263157895,0.9013157894736842
362,10.0,95.73170731707316,207.1170731707317,3.0,6301.40487804878,0.473170731707317,0.824390243902439
363,10.0,86.05405405405405,187.48648648648648,3.0,5352.527027027027,0.6216216216216216,0.7297297297297297
364,8.0,84.73195876288659,244.5051546391753,3.0,7341.81443298969,0.6494845360824743,0.865979381443299
365,7.5,106.18627450980392,206.5686274509804,3.0,6749.862745098039,0.5098039215686274,0.8725490196078431
366,8.5,71.53591160220995,222.6961325966851,3.0,5380.077348066298,0.4198895027624309,0.7900552486187845
367,5.5,103.29411764705884,209.8588235294117,3.0,6825.952941176471,0.5823529411764706,0.9
368,6.0,109.7109375,209.0234375,3.0,6210.5546875,0.625,0.7734375
369,9.0,118.16666666666669,189.6555555555556,3.0,7514.855555555556,0.6888888888888889,0.8777777777777778
370,8.5,93.40625,202.925,3.0,6796.125,0.5875,0.875
371,7.5,114.60663507109004,231.9241706161137,3.0,4806.729857819905,0.3696682464454976,0.7867298578199052
372,9.5,80.74264705882354,224.4705882352941,2.8529411764705883,6834.705882352941,0.4779411764705882,0.9338235294117648
373,7.0,95.04712041884817,237.64921465968587,3.0,6552.994764397906,0.5392670157068062,0.8586387434554974
374,9.0,108.11734693877553,209.25,3.0,7399.163265306122,0.6071428571428571,0.8877551020408163
375,5.5,81.30882352941177,223.7205882352941,3.0,4647.058823529412,0.5147058823529411,0.7058823529411765
376,10.0,27.0,368.3333333333333,3.0,4267.777777777777,0.1111111111111111,0.7777777777777778
377,8.5,106.35135135135135,159.27027027027026,3.0,6471.0,0.7837837837837838,0.7837837837837838
378,9.0,96.12820512820512,244.8034188034188,3.0,6121.478632478633,0.5811965811965812,0.8717948717948718
379,0.0,139.64848484848486,221.8121212121212,2.8,4663.127272727273,0.4,0.7757575757575758
380,10.0,93.23469387755102,197.2142857142857,3.0,6085.061224489796,0.4846938775510204,0.8571428571428571
381,9.0,79.11764705882354,215.7573529411765,3.0,6547.889705882353,0.4632352941176471,0.8529411764705882
382,9.0,119.2051282051282,247.8205128205128,3.0,5563.205128205128,0.4871794871794871,0.782051282051282
383,8.5,98.84469696969695,208.8901515151515,3.0,6062.814393939394,0.3863636363636363,0.8598484848484849
384,9.0,140.14084507042253,210.3450704225352,3.0,6747.049295774648,0.5,0.8732394366197183
385,9.0,75.81642512077295,201.14492753623188,2.579710144927536,4946.072463768116,0.3526570048309179,0.8695652173913043
386,8.0,80.67153284671532,207.4379562043796,3.0,5980.832116788321,0.4306569343065693,0.8394160583941606
387,9.0,110.57142857142856,219.98809523809524,3.0,6193.0,0.5178571428571429,0.875
388,7.0,106.0593607305936,216.44748858447488,3.0,6772.086757990867,0.5296803652968036,0.8858447488584474
389,9.5,116.75373134328358,212.63432835820896,3.0,6177.694029850746,0.4776119402985074,0.8432835820895522
390,9.5,93.11794871794872,205.1128205128205,3.0,6967.594871794872,0.5692307692307692,0.8461538461538461
391,10.0,32.0,234.25,3.0,6333.333333333333,0.5833333333333334,0.8333333333333334
392,9.0,97.46808510638296,191.9787234042553,3.0,6914.893617021276,0.5531914893617021,0.9787234042553192
393,10.0,70.0253164556962,186.53164556962025,2.5443037974683542,6151.860759493671,0.6075949367088608,0.9493670886075948
394,7.0,129.71428571428572,200.69230769230768,3.0,5036.32967032967,0.5274725274725275,0.8351648351648352
395,8.0,98.51724137931036,197.6206896551724,3.0,5413.793103448276,0.6206896551724138,0.9310344827586208
396,9.0,138.77862595419847,214.50381679389312,3.0,6874.114503816794,0.5343511450381679,0.900763358778626
397,9.0,73.86666666666666,215.3333333333333,3.0,5683.133333333333,0.5666666666666667,0.8666666666666667
398,5.0,105.47058823529412,217.6764705882353,3.0,2352.9411764705883,0.5882352941176471,0.5294117647058824
399,10.0,96.4065934065934,214.9120879120879,3.0,6168.879120879121,0.5384615384615384,0.7857142857142857
400,6.0,97.45333333333332,240.64,3.0,8084.093333333333,0.7866666666666666,0.92
401,10.0,145.09734513274336,217.78761061946904,2.7876106194690267,7392.256637168141,0.6283185840707964,0.8938053097345132
402,9.0,57.12987012987013,223.17532467532467,3.0,5348.698051948052,0.3701298701298701,0.8116883116883117
403,7.0,85.1413043478261,220.8586956521739,3.0,5301.521739130435,0.5652173913043478,0.8804347826086957
404,10.0,89.0,202.0,3.0,0.0,1.0,1.0
405,10.0,92.09045226130654,207.2562814070352,3.0,7021.909547738694,0.5628140703517588,0.9195979899497488
406,8.5,96.1,244.3333333333333,3.0,6911.344444444445,0.4888888888888889,0.8888888888888888
407,8.5,92.47904191616766,205.19760479041915,3.0,6881.48502994012,0.6227544910179641,0.844311377245509
408,7.0,106.05154639175258,240.11340206185568,3.0,6700.855670103093,0.5979381443298969,0.8247422680412371
409,7.5,75.41052631578947,243.94736842105263,3.0,6392.505263157895,0.4736842105263157,0.8421052631578947
410,10.0,137.96774193548387,232.48387096774192,3.0,6694.548387096775,0.4838709677419355,0.8924731182795699
411,5.0,99.36986301369863,258.0821917808219,3.0,7114.205479452055,0.5205479452054794,0.8767123287671232
412,10.0,96.62913907284768,214.2516556291391,3.0,7540.211920529801,0.6490066225165563,0.9205298013245032
413,9.0,100.0443686006826,216.1569965870307,3.0,6001.255972696245,0.4539249146757679,0.8156996587030717
414,8.5,96.96875,214.33854166666663,3.0,6206.260416666667,0.53125,0.8229166666666666
415,8.0,102.61111111111111,219.6875,3.0,5746.027777777777,0.5833333333333334,0.7638888888888888
416,7.0,100.15753424657534,225.7054794520548,2.9794520547945207,8135.034246575343,0.7465753424657534,0.9315068493150684
417,5.0,79.5,206.66666666666663,3.0,5769.461538461538,0.5256410256410257,0.7692307692307693
418,8.5,40.54109589041096,220.3013698630137,3.0,6089.760273972603,0.5136986301369864,0.7534246575342466
419,10.0,32.0,133.0,3.0,10000.0,1.0,1.0
420,6.0,94.4,226.8428571428572,3.0,6745.4857142857145,0.5857142857142857,0.8857142857142857
421,1.0,85.41558441558442,221.5844155844156,3.0,3576.753246753247,0.4415584415584415,0.7402597402597403
422,9.0,154.8643216080402,225.28643216080405,3.0,6556.291457286432,0.5527638190954773,0.8040201005025126
423,10.0,20.0,273.0,3.0,10000.0,1.0,1.0
424,9.0,125.31868131868131,230.46153846153845,3.0,7616.406593406594,0.6813186813186813,0.8571428571428571
425,8.0,94.04,209.09714285714287,3.0,7243.965714285714,0.6057142857142858,0.8685714285714285
426,2.5,110.24285714285716,220.3428571428572,3.0,7091.828571428571,0.6571428571428571,0.9
427,7.5,126.02564102564102,218.7863247863248,3.0,6643.017094017094,0.5470085470085471,0.8547008547008547
428,8.0,116.4,223.4342857142857,3.0,6379.228571428572,0.4742857142857143,0.8228571428571428
429,9.0,142.41176470588235,199.9191176470588,3.0,6470.213235294118,0.5220588235294118,0.8455882352941176
430,9.0,86.64516129032258,201.51612903225808,3.0,6608.903225806452,0.5698924731182796,0.8494623655913979
431,6.0,79.08771929824562,183.0877192982456,3.0,5875.228070175439,0.6666666666666666,0.8245614035087719
432,9.0,35.10526315789474,215.31578947368425,3.0,6052.631578947368,0.6842105263157895,0.7894736842105263
433,7.5,122.64925373134328,220.2388059701493,3.0,6360.410447761194,0.5447761194029851,0.8507462686567164
434,7.5,72.84057971014492,224.231884057971,3.0,7463.68115942029,0.6086956521739131,0.927536231884058
435,10.0,81.01801801801801,225.02702702702703,3.0,7374.828828828829,0.5495495495495496,0.9009009009009008
436,9.5,89.84705882352941,250.1529411764706,3.0,7658.588235294118,0.5529411764705883,0.9176470588235294
437,10.0,94.02762430939228,212.61325966850828,3.0,7021.226519337017,0.580110497237569,0.8950276243093923
438,2.0,85.25882352941177,247.9647058823529,3.0,4129.905882352941,0.3411764705882353,0.7058823529411765
439,10.0,78.54954954954955,220.4954954954955,3.0,7623.666666666667,0.5495495495495496,0.90990990990991
440,8.0,89.0,308.5,3.0,0.0,1.0,0.0
441,9.5,89.42702702702702,209.65945945945947,2.8702702702702703,6588.502702702703,0.4054054054054054,0.9351351351351352
442,8.0,91.36842105263158,219.1315789473684,3.0,5500.4473684210525,0.631578947368421,0.8157894736842105
443,9.0,103.54736842105264,217.02105263157893,3.0,7105.494736842105,0.4736842105263157,0.8947368421052632
444,8.0,63.37062937062937,244.53146853146853,3.0,5890.398601398601,0.4475524475524475,0.8601398601398601
445,9.5,94.16129032258064,218.2217741935484,3.0,6065.270161290323,0.4556451612903225,0.7983870967741935
446,9.0,122.90322580645162,237.6451612903226,3.0,6774.193548387097,0.7096774193548387,0.9032258064516128
447,6.0,113.56140350877192,238.6491228070176,3.0,6371.815789473684,0.631578947368421,0.8245614035087719
448,7.5,88.86813186813187,245.9010989010989,3.0,5421.428571428572,0.4285714285714285,0.8351648351648352
449,8.5,98.05217391304348,220.5652173913044,3.0,6401.304347826087,0.5391304347826087,0.8695652173913043
450,8.0,107.27956989247312,198.67741935483872,3.0,6655.763440860215,0.7204301075268817,0.8494623655913979
451,9.5,96.72900763358778,216.77862595419847,3.0,6449.240458015267,0.4503816793893129,0.8969465648854962
452,9.0,46.319047619047616,222.42857142857144,3.0,5742.895238095238,0.4380952380952381,0.8476190476190476
453,8.0,105.41764705882352,223.5235294117647,3.0,6633.170588235294,0.5705882352941176,0.9
454,9.0,100.4688995215311,212.3397129186603,3.0,6004.459330143541,0.507177033492823,0.7799043062200957
455,9.5,85.53254437869822,231.1242603550296,3.0,6094.816568047338,0.4378698224852071,0.8698224852071006
456,8.5,116.24409448818898,207.2007874015748,3.0,5388.984251968504,0.3937007874015748,0.8700787401574803
457,9.0,85.69753086419753,221.57407407407408,3.0,5952.111111111111,0.4629629629629629,0.8765432098765432
458,7.0,91.6948051948052,223.72727272727272,3.0,7123.701298701299,0.6818181818181818,0.8246753246753247
459,8.0,116.60629921259844,213.2992125984252,3.0,7979.118110236221,0.7244094488188977,0.8740157480314961
460,10.0,88.33333333333333,226.2133333333333,3.0,7235.533333333334,0.68,0.8133333333333334
461,10.0,97.52197802197804,233.0989010989011,3.0,6018.934065934066,0.3956043956043956,0.8846153846153846
462,10.0,95.12962962962963,220.141975308642,3.0,6503.753086419753,0.4320987654320987,0.9567901234567902
463,8.0,100.38888888888889,197.16666666666663,3.0,4722.222222222223,0.7222222222222222,0.8888888888888888
464,9.0,120.66326530612244,216.64795918367344,3.0,7030.040816326531,0.5816326530612245,0.8877551020408163
465,9.0,67.152,201.816,3.0,6370.952,0.496,0.88
466,9.5,98.12380952380953,217.8238095238096,3.0,6246.385714285714,0.4952380952380952,0.8476190476190476
467,10.0,32.0,133.0,3.0,10000.0,1.0,1.0
468,9.0,101.32456140350877,216.3333333333333,3.0,7100.8859649122805,0.4912280701754385,0.9385964912280702
469,10.0,95.68478260869566,224.19565217391303,3.0,6521.342391304348,0.4619565217391304,0.9130434782608696
470,9.0,106.6153846153846,237.24175824175825,3.0,7126.780219780219,0.5934065934065934,0.8791208791208791
471,10.0,133.79166666666666,222.9583333333333,3.0,7708.333333333333,0.7083333333333334,1.0
472,9.0,125.75,231.03125,3.0,6875.0,0.65625,0.96875
473,6.5,71.54716981132076,217.68867924528303,3.0,5943.396226415094,0.5471698113207547,0.7452830188679245
474,9.5,142.50588235294117,216.0705882352941,3.0,7652.64705882353,0.6705882352941176,0.9176470588235294
475,6.0,92.69343065693432,215.24817518248176,3.0,8806.138686131388,0.781021897810219,0.9562043795620438
476,9.5,82.06985294117646,207.32720588235293,3.0,6206.220588235294,0.4816176470588235,0.8382352941176471
477,5.0,95.42857142857144,277.35714285714283,3.0,5714.285714285715,0.5714285714285714,0.75
478,7.0,106.3969465648855,216.33587786259545,3.0,8260.229007633588,0.7709923664122137,0.8854961832061069
479,8.5,57.72,209.56,3.0,7229.815,0.6,0.885
480,10.0,88.19135802469135,216.9567901234568,3.0,6881.827160493827,0.654320987654321,0.7901234567901234
481,8.0,75.41538461538461,204.8846153846154,3.0,5907.023076923077,0.5,0.8
482,10.0,66.835,221.655,3.0,6133.715,0.46,0.805
483,7.0,93.24311926605505,215.86238532110093,3.0,7377.192660550459,0.4862385321100917,0.9311926605504588
484,8.0,25.5,214.76470588235293,3.0,5722.941176470588,0.5294117647058824,0.7647058823529411
485,9.0,94.76818181818182,204.88636363636363,3.0,6165.218181818182,0.5181818181818182,0.8545454545454545
486,9.0,106.8923076923077,222.54615384615383,3.0,6300.715384615384,0.5923076923076923,0.823076923076923
487,9.0,111.54545454545456,202.04545454545453,3.0,7727.272727272727,0.7727272727272727,1.0
488,9.5,190.0,238.1290322580645,3.0,6227.806451612903,0.7419354838709677,0.7419354838709677
489,9.0,149.15384615384616,232.0,3.0,8461.538461538461,0.7692307692307693,0.9230769230769232
490,10.0,87.39805825242719,196.70873786407768,3.0,6919.223300970873,0.5728155339805825,0.883495145631068
491,9.0,114.4308943089431,198.7560975609756,3.0,7646.991869918699,0.6585365853658537,0.934959349593496
492,10.0,89.0,261.3333333333333,3.0,0.0,0.6666666666666666,0.3333333333333333
493,10.0,75.32142857142857,216.22619047619048,2.607142857142857,7540.690476190476,0.6904761904761905,0.9285714285714286
494,8.0,124.54901960784314,239.07843137254903,3.0,7484.490196078431,0.5490196078431373,0.9215686274509804
495,8.5,107.04620462046203,208.2211221122112,3.0,5665.732673267326,0.4125412541254125,0.8646864686468647
496,3.5,128.77333333333334,209.2,3.0,8175.666666666667,0.84,0.9066666666666666
497,10.0,159.4777777777778,209.72222222222223,3.0,7250.666666666667,0.6555555555555556,0.8777777777777778
498,7.5,116.73333333333332,225.8,3.0,6689.511111111111,0.5111111111111111,0.8518518518518519
499,7.0,87.36206896551724,221.74137931034485,3.0,4881.758620689655,0.5172413793103449,0.7758620689655172
500,7.0,121.90066225165565,211.16556291390728,3.0,5142.35761589404,0.4039735099337748,0.8211920529801324
501,8.5,79.90196078431373,210.2843137254902,3.0,7417.411764705882,0.5980392156862745,0.9215686274509804
502,8.5,87.90430622009569,200.4354066985646,3.0,5999.736842105263,0.430622009569378,0.8277511961722488
503,5.0,85.3984962406015,218.3233082706767,3.0,5762.015037593985,0.4360902255639097,0.8421052631578947
504,7.5,91.10909090909092,223.4090909090909,3.0,5154.5,0.3909090909090909,0.8545454545454545
505,9.5,126.19251336898397,227.1550802139037,3.0,6050.754010695187,0.4866310160427807,0.8181818181818182
506,8.5,146.4025974025974,231.4805194805195,3.0,5747.298701298701,0.4025974025974026,0.8831168831168831
507,10.0,111.11764705882354,224.62443438914028,3.0,7275.14479638009,0.5339366515837104,0.8823529411764706
508,10.0,140.69473684210527,224.0,2.873684210526316,6715.778947368421,0.6210526315789474,0.8421052631578947
509,6.0,111.9877300613497,205.61963190184048,3.0,6553.386503067484,0.558282208588957,0.8466257668711656
510,9.5,157.58507462686566,212.0179104477612,3.0,4682.43880597015,0.3253731343283582,0.7820895522388059
511,4.0,66.12765957446808,228.95744680851064,3.0,5557.893617021276,0.4680851063829787,0.7446808510638298
512,10.0,41.0,143.66666666666666,3.0,0.0,0.4444444444444444,0.5555555555555556
513,7.5,103.62566844919786,226.5828877005348,3.0,6346.625668449198,0.5187165775401069,0.8823529411764706
514,10.0,90.02608695652174,183.75652173913045,3.0,6573.191304347826,0.5130434782608696,0.8782608695652174
515,0.0,167.42372881355934,214.271186440678,3.0,7551.779661016949,0.7627118644067796,0.8983050847457628
516,10.0,32.0,198.9268292682927,3.0,4871.682926829269,0.1463414634146341,0.951219512195122
517,8.0,73.15789473684211,207.7719298245614,3.0,6932.11403508772,0.5701754385964912,0.868421052631579
518,10.0,135.3095238095238,189.8047619047619,3.0,5057.9047619047615,0.3238095238095238,0.8
519,9.0,86.57627118644068,190.4322033898305,3.0,5838.974576271186,0.5254237288135594,0.8135593220338984
520,10.0,106.57714285714286,227.86857142857144,3.0,6715.908571428571,0.5542857142857143,0.8057142857142857
521,5.5,104.19101123595506,228.14044943820224,3.0,5833.0842696629215,0.4775280898876404,0.8370786516853933
522,9.0,56.83402489626556,217.47717842323647,3.0,6773.008298755187,0.4937759336099585,0.8547717842323651
523,4.5,110.3431952662722,219.207100591716,3.0,6901.763313609467,0.5857988165680473,0.8698224852071006
524,8.5,71.9298245614035,198.8245614035088,3.0,6278.596491228071,0.6403508771929824,0.8070175438596491
525,6.0,109.30845771144278,227.1442786069652,3.0,6509.26368159204,0.5422885572139303,0.8557213930348259
526,10.0,138.344,218.792,3.0,6821.648,0.552,0.888
527,9.0,92.7008547008547,223.06837606837607,3.0,5212.076923076923,0.5470085470085471,0.811965811965812
528,8.0,97.33333333333331,225.31147540983608,3.0,6782.071038251366,0.5737704918032787,0.8524590163934426
529,9.0,55.81818181818182,222.45454545454547,3.0,5892.738636363636,0.5113636363636364,0.8181818181818182
530,6.5,113.28169014084509,240.30281690140845,3.0,6267.161971830986,0.5563380281690141,0.8309859154929577
531,9.5,89.45833333333333,206.72916666666663,3.0,5987.029166666666,0.4375,0.8333333333333334
532,9.0,109.44148936170212,217.5744680851064,3.0,7313.409574468085,0.5425531914893617,0.8882978723404256
533,10.0,32.0,174.0,3.0,5500.0,1.0,1.0
534,9.0,134.33018867924528,199.75471698113208,3.0,6746.641509433963,0.490566037735849,0.8773584905660378
535,9.0,58.43037974683544,211.9789029535865,3.0,5830.316455696203,0.4767932489451477,0.8270042194092827
536,9.0,135.12857142857143,221.8,3.0,6591.4,0.5571428571428572,0.8857142857142857
537,9.5,110.56746031746032,209.09126984126985,3.0,6755.511904761905,0.4801587301587302,0.9206349206349206
538,10.0,136.41772151898735,204.21518987341773,3.0,6700.107594936709,0.4683544303797468,0.9177215189873418
539,8.5,85.57446808510639,203.6382978723404,3.0,7659.574468085107,0.776595744680851,0.8297872340425532
540,9.0,80.93577981651376,246.89908256880733,3.0,4866.477064220184,0.3761467889908257,0.8165137614678899
541,7.0,112.1356783919598,208.75879396984925,3.0,7362.608040201005,0.5628140703517588,0.9195979899497488
542,8.0,119.71052631578948,221.5368421052632,3.0,6830.542105263158,0.5526315789473685,0.8578947368421053
543,9.5,97.50867052023122,203.7341040462428,3.0,7005.612716763006,0.653179190751445,0.9248554913294798
544,9.5,155.62857142857143,210.4,3.0,4663.4857142857145,0.5142857142857142,0.8142857142857143
545,7.0,164.44,223.08,3.0,6139.6466666666665,0.4933333333333333,0.82
546,8.0,99.28260869565216,241.91304347826087,3.0,6621.427536231884,0.4927536231884058,0.8913043478260869
547,10.0,105.29007633587786,216.09923664122132,3.0,5958.0,0.4961832061068702,0.8320610687022901
548,10.0,88.56875,173.125,3.0,4658.98125,0.36875,0.76875
549,9.0,117.14444444444445,225.9851851851852,2.988888888888889,6117.181481481482,0.4592592592592592,0.8518518518518519
550,10.0,100.79522184300342,209.79180887372013,3.0,6388.255972696245,0.4232081911262799,0.8907849829351536
551,9.0,95.9235294117647,222.28823529411764,3.0,6162.694117647059,0.4235294117647059,0.9058823529411764
552,8.0,79.57894736842105,241.9298245614035,3.0,7163.350877192983,0.6842105263157895,0.9649122807017544
553,10.0,105.8125,212.890625,3.0,5224.8671875,0.5546875,0.734375
554,9.0,87.0,198.25,3.0,7224.27,0.55,0.89
555,10.0,124.1931818181818,214.3806818181818,2.6420454545454546,5813.744318181818,0.4943181818181818,0.8579545454545454
556,10.0,95.9753086419753,198.77777777777777,3.0,5091.487654320988,0.3950617283950617,0.7777777777777778
557,6.0,108.6099290780142,202.53900709219857,3.0,5211.815602836879,0.5602836879432624,0.723404255319149
558,5.5,77.93258426966293,190.8202247191012,3.0,5348.033707865168,0.4606741573033708,0.7752808988764045
559,9.5,99.58227848101266,177.21518987341773,3.0,7359.506329113924,0.6708860759493671,0.8607594936708861
560,9.5,54.23618090452261,210.8341708542713,3.0,6084.507537688442,0.4974874371859296,0.8291457286432161
561,8.5,89.18604651162791,205.03255813953487,3.0,6562.888372093024,0.4976744186046511,0.8604651162790697
562,10.0,75.67883211678833,242.73722627737223,3.0,5619.653284671533,0.3686131386861314,0.864963503649635
563,10.0,119.79729729729728,223.74324324324328,3.0,6815.831081081081,0.5675675675675675,0.8445945945945946
564,5.0,122.8409090909091,223.97727272727272,3.0,6983.909090909091,0.5681818181818182,0.8181818181818182
565,7.0,86.0952380952381,236.6031746031746,3.0,6215.674603174603,0.4682539682539682,0.8650793650793651
566,7.5,149.94736842105263,216.32535885167465,3.0,6293.727272727273,0.5263157894736842,0.8325358851674641
567,5.0,65.61904761904762,225.3452380952381,3.0,5854.619047619048,0.4761904761904761,0.8214285714285714
568,9.5,73.17021276595744,244.38297872340425,3.0,7768.744680851064,0.5319148936170213,0.9148936170212766
569,10.0,112.8177570093458,231.1448598130841,3.0,6306.228971962617,0.4859813084112149,0.8644859813084113
570,7.0,90.04166666666667,236.1770833333333,3.0,4308.833333333333,0.5104166666666666,0.78125
571,9.0,102.99481865284974,236.44041450777203,3.0,5603.145077720207,0.4352331606217616,0.7927461139896373
572,5.5,87.0,213.6153846153846,3.0,7002.557692307692,0.5673076923076923,0.903846153846154
573,7.0,72.37777777777778,227.1555555555556,3.0,4287.133333333333,0.5333333333333333,0.7555555555555555
574,10.0,20.0,285.0,3.0,6857.0,1.0,1.0
575,10.0,101.9404761904762,218.5059523809524,3.0,6847.958333333333,0.5833333333333334,0.8571428571428571
576,9.5,84.93852459016394,192.03688524590163,3.0,6011.299180327869,0.4180327868852459,0.8565573770491803
577,8.0,92.95027624309392,250.8453038674033,3.0,6416.657458563536,0.4198895027624309,0.8895027624309392
578,5.5,108.87142857142857,212.3142857142857,3.0,7977.028571428571,0.7,0.9214285714285714
579,6.0,81.9795918367347,229.57823129251705,3.0,7542.9455782312925,0.6870748299319728,0.8979591836734694
580,10.0,32.0,219.7454545454545,3.0,5409.381818181818,0.5454545454545454,0.8545454545454545
581,4.0,66.55357142857143,209.1517857142857,3.0,5134.339285714285,0.4107142857142857,0.8482142857142857
582,9.0,135.0873015873016,208.8333333333333,3.0,6579.373015873016,0.5634920634920635,0.873015873015873
583,9.5,81.51515151515152,220.2676767676768,3.0,4593.055555555556,0.3131313131313131,0.7929292929292929
584,10.0,91.92948717948718,211.0705128205128,3.0,5111.038461538462,0.3782051282051282,0.8141025641025641
585,9.0,136.89473684210526,263.1578947368421,3.0,5789.473684210527,0.5789473684210527,0.8947368421052632
586,7.0,115.84584980237156,193.205533596838,3.0,6365.272727272727,0.4822134387351778,0.8379446640316206
587,8.0,41.0,159.75,3.0,0.0,0.625,0.0
588,9.0,115.07051282051282,220.98717948717947,3.0,6995.807692307692,0.5705128205128205,0.903846153846154
589,10.0,140.17355371900825,231.01652892561984,3.0,6735.859504132231,0.4462809917355372,0.8925619834710744
590,7.0,123.87581699346406,215.3333333333333,3.0,7072.267973856209,0.5686274509803921,0.8562091503267973
591,9.0,62.79012345679013,231.4814814814815,3.0,7059.074074074074,0.6172839506172839,0.9135802469135802
592,3.5,78.05263157894737,232.69736842105263,3.0,7188.434210526316,0.5526315789473685,0.9078947368421052
593,9.0,80.98245614035088,211.2894736842105,3.0,7397.377192982456,0.5526315789473685,0.9035087719298246
594,10.0,32.0,283.8,3.0,5155.2,0.4,1.0
595,9.5,142.15384615384616,220.17307692307693,3.0,6165.826923076923,0.5576923076923077,0.8461538461538461
596,9.0,75.72972972972973,201.5045045045045,3.0,7260.963963963964,0.5675675675675675,0.9369369369369368
597,10.0,32.0,135.0,3.0,3888.5,0.5,1.0
598,1.5,96.29629629629628,207.96296296296296,3.0,2666.6666666666665,0.3703703703703703,0.5185185185185185
599,9.0,111.10884353741496,225.07823129251705,3.0,6178.683673469388,0.4013605442176871,0.9013605442176872
600,8.0,87.04014598540147,219.83941605839416,3.0,6400.419708029197,0.4014598540145985,0.864963503649635
601,9.0,90.33333333333331,221.08163265306123,3.0,6092.299319727891,0.4353741496598639,0.8639455782312925
602,8.5,84.13888888888889,257.2361111111111,3.0,7408.986111111111,0.5555555555555556,0.9166666666666666
603,8.5,94.32,222.008,3.0,7249.488,0.6,0.88
604,9.0,92.01492537313432,195.9452736318408,3.0,5359.965174129353,0.4427860696517413,0.8407960199004975
605,9.5,88.26506024096386,245.562248995984,3.0,6690.871485943775,0.357429718875502,0.8955823293172691
606,8.0,88.63636363636364,252.12121212121207,2.95959595959596,6331.959595959596,0.4747474747474747,0.9191919191919192
607,10.0,84.10344827586206,202.6206896551724,3.0,7024.224137931034,0.5086206896551724,0.896551724137931
608,9.5,66.2439024390244,219.0609756097561,2.268292682926829,6692.390243902439,0.5853658536585366,0.8536585365853658
609,10.0,158.14634146341464,217.9918699186992,2.756097560975609,6721.178861788618,0.4878048780487805,0.8780487804878049
610,9.5,98.80337078651684,205.46067415730337,3.0,6991.943820224719,0.5842696629213483,0.8539325842696629
611,9.5,109.47222222222224,219.0388888888889,3.0,7050.177777777778,0.5777777777777777,0.9055555555555556
612,5.0,111.01680672268908,192.1932773109244,3.0,7651.100840336135,0.6890756302521008,0.9663865546218487
613,9.0,136.78358208955223,204.3582089552239,3.0,4364.634328358209,0.4402985074626865,0.7089552238805971
614,9.0,92.95505617977528,238.5730337078652,3.0,7130.808988764045,0.6067415730337079,0.8764044943820225
615,10.0,89.28235294117647,249.78235294117647,3.0,6806.0,0.4588235294117647,0.9
616,6.0,134.87012987012986,217.8051948051948,3.0,5889.961038961039,0.6233766233766234,0.8961038961038961
617,9.0,91.1904761904762,208.65714285714284,3.0,6165.561904761905,0.5238095238095238,0.861904761904762
618,7.0,82.93785310734464,229.36723163841808,3.0,4744.254237288135,0.3333333333333333,0.7457627118644068
619,5.5,90.8125,219.265625,3.0,6756.9140625,0.515625,0.9140625
620,10.0,100.6990291262136,215.18446601941747,3.0,5955.966019417476,0.4368932038834951,0.8786407766990292
621,8.5,93.6875,208.9305555555556,3.0,7310.604166666667,0.6597222222222222,0.8472222222222222
622,8.5,68.5959595959596,213.46464646464648,3.0,6348.484848484848,0.4646464646464646,0.9191919191919192
623,9.0,79.78205128205128,247.53846153846155,3.0,6765.692307692308,0.5769230769230769,0.8846153846153846
624,9.5,83.93577981651376,224.0091743119266,3.0,7141.853211009175,0.5596330275229358,0.9174311926605504
625,10.0,99.57635467980296,204.8571428571429,3.0,6330.3497536945815,0.4729064039408867,0.8719211822660099
626,7.0,97.05291005291004,221.96296296296296,3.0,7034.714285714285,0.5502645502645502,0.8624338624338624
627,10.0,110.63369963369964,224.83516483516485,3.0,5634.4358974358975,0.3772893772893773,0.8278388278388278
627,10,110.63369963369964,224.83516483516485,3.0,5634.4358974358975,0.3772893772893773,0.8278388278388278
628,7,74.30508474576271,212.16101694915253,3.0,6895.118644067797,0.5508474576271186,0.8898305084745762
629,9,73.37647058823529,264.3529411764706,3.0,6180.070588235294,0.4470588235294118,0.8941176470588236
630,10,20.0,176.4,3.0,6109.8,0.4,1.0
631,7,84.66666666666667,203.89814814814807,3.0,6881.041666666667,0.5324074074074074,0.8888888888888888
632,7.5,113.15277777777776,218.6875,3.0,7338.805555555556,0.5902777777777778,0.9097222222222222
633,9,171.168,216.768,2.808,6354.544,0.408,0.856
634,10,63.26875,214.7875,3.0,6415.525,0.4875,0.85
635,3.5,91.68,231.4533333333333,3.0,5964.1466666666665,0.5466666666666666,0.8666666666666667
636,8,90.26829268292684,214.53658536585365,3.0,8389.646341463415,0.7317073170731707,0.9146341463414634
637,9.5,94.57936507936508,195.531746031746,3.0,8132.793650793651,0.6984126984126984,0.9523809523809524
638,9,57.61710037174721,218.0260223048327,3.0,5387.843866171003,0.3903345724907063,0.8178438661710037
639,6.5,82.71428571428571,248.78571428571428,3.0,5821.771428571428,0.5857142857142857,0.8285714285714286
640,8.5,98.80357142857144,202.2053571428572,3.0,6187.669642857143,0.6160714285714286,0.8571428571428571
641,7,115.22072072072072,212.3333333333333,2.972972972972973,6320.481981981982,0.5585585585585585,0.8018018018018018
642,8,135.28865979381445,222.18556701030928,3.0,6478.422680412371,0.5257731958762887,0.8762886597938144
643,8,114.78787878787878,188.3939393939394,3.0,7287.484848484848,0.7575757575757576,0.9393939393939394
644,10,135.31034482758622,248.55172413793105,3.0,2758.620689655173,0.3448275862068966,0.6896551724137931
645,10,41.0,64.5,3.0,5625.0,1.0,1.0
646,9,108.02011494252874,219.16954022988503,3.0,5900.545977011494,0.3333333333333333,0.8591954022988506
647,5,120.94736842105264,239.92631578947368,3.0,4470.031578947369,0.4421052631578947,0.6842105263157895
648,8.5,94.51190476190476,216.5952380952381,3.0,6649.482142857143,0.5833333333333334,0.8571428571428571
649,9.5,106.41758241758242,214.5054945054945,3.0,6512.692307692308,0.489010989010989,0.8461538461538461
650,8,89.62135922330097,224.7572815533981,3.0,5895.271844660194,0.4951456310679611,0.8349514563106796
651,8.5,112.00621118012424,233.9006211180124,3.0,5606.229813664596,0.4409937888198758,0.7763975155279503
652,10,32.0,147.0,3.0,10000.0,1.0,1.0
653,8.5,136.41346153846155,215.03846153846155,3.0,6330.673076923077,0.4807692307692308,0.8942307692307693
654,9,100.725,203.4,3.0,6750.0,0.6,0.925
655,,137.4181818181818,215.3454545454545,3.0,1178.7818181818182,0.6909090909090909,0.6181818181818182
656,8.5,161.63291139240508,200.6075949367089,3.0,7835.443037974684,0.7341772151898734,0.8987341772151899
657,10,97.00641025641026,208.22435897435892,3.0,7020.25,0.6474358974358975,0.8461538461538461
658,10,92.01030927835052,241.3041237113402,3.0,5785.355670103093,0.3969072164948453,0.8762886597938144
659,6,109.29787234042551,228.7978723404256,3.0,7098.872340425532,0.6702127659574468,0.851063829787234
660,7.5,109.54379562043796,203.3029197080292,3.0,5689.1824817518245,0.4160583941605839,0.8467153284671532
661,10,106.56353591160222,216.4696132596685,3.0,6517.563535911602,0.4917127071823204,0.9005524861878453
662,9.5,74.24299065420561,242.85046728971963,3.0,6717.598130841122,0.514018691588785,0.8598130841121495
663,8.5,90.57894736842104,225.49122807017545,3.0,6524.058479532164,0.4444444444444444,0.912280701754386
664,7,112.05847953216374,220.48538011695908,3.0,5825.3859649122805,0.4269005847953216,0.8304093567251462
665,8,105.96153846153848,212.1153846153846,3.0,4986.0,0.3846153846153846,0.7692307692307693
666,8.5,67.28571428571429,204.67857142857144,3.0,8607.142857142857,0.8214285714285714,0.9285714285714286
667,7,113.3878787878788,207.539393939394,3.0,7230.30303030303,0.6606060606060606,0.8666666666666667
668,10,32.0,129.55555555555554,3.0,9000.0,0.6666666666666666,1.0
669,9,92.4969696969697,209.9757575757576,3.0,6960.618181818182,0.6303030303030303,0.8787878787878788
670,9,74.49350649350649,197.8571428571429,3.0,6027.545454545455,0.4155844155844156,0.9025974025974026
671,6.5,114.27038626609442,218.0128755364807,3.0,6913.733905579399,0.5364806866952789,0.8927038626609443
672,4,114.0,234.125,3.0,5250.0,0.375,0.875
673,9.5,160.9156626506024,199.13855421686748,3.0,8097.897590361445,0.6626506024096386,0.933734939759036
674,9,76.53658536585365,208.8617886178862,3.0,6943.90243902439,0.5365853658536586,0.8699186991869918
675,7,41.0,285.0,3.0,0.0,0.5,0.0
676,7,73.59375,196.16875,3.0,6352.5,0.4875,0.8375
677,8,91.82758620689656,271.3965517241379,3.0,5587.948275862069,0.5,0.7758620689655172
678,10,104.98615916955018,228.7508650519031,3.0,6442.121107266436,0.4221453287197231,0.8512110726643599
679,6.5,105.9248120300752,252.2556390977444,3.0,6103.451127819549,0.4661654135338345,0.8345864661654135
680,3,89.0,222.0,3.0,0.0,1.0,0.0
681,8,88.5657894736842,226.0394736842105,3.0,6788.953947368421,0.5,0.8947368421052632
682,9,93.836820083682,211.0460251046025,3.0,5867.012552301255,0.4351464435146444,0.8200836820083682
683,7,103.1528662420382,217.9808917197452,3.0,7170.828025477707,0.6369426751592356,0.8726114649681529
684,10,87.16587677725119,212.7061611374408,2.796208530805687,6110.597156398104,0.3744075829383886,0.943127962085308
685,10,90.16428571428573,238.2642857142857,3.0,6953.378571428571,0.5,0.9
686,9.5,84.86764705882354,195.68382352941177,3.0,5742.257352941177,0.4338235294117647,0.8235294117647058
687,9.5,92.12554112554112,201.22510822510824,3.0,6004.502164502164,0.4242424242424242,0.8268398268398268
688,9,90.570796460177,247.55752212389385,3.0,5481.407079646017,0.331858407079646,0.8805309734513275
689,5.5,106.2784090909091,205.27272727272728,3.0,6456.715909090909,0.5511363636363636,0.8238636363636364
690,10,90.48235294117649,218.3294117647059,3.0,5765.794117647059,0.4764705882352941,0.8294117647058824
691,10,98.48484848484848,223.55050505050505,3.0,6615.575757575758,0.4898989898989899,0.8737373737373737
692,7.5,62.01587301587302,236.3809523809524,3.0,4858.888888888889,0.4761904761904761,0.7936507936507936
693,10,89.0,253.75,3.0,3481.5,0.5,0.75
694,8,112.16814159292036,215.07522123893804,3.0,6374.371681415929,0.4070796460176991,0.8584070796460177
695,10,133.24603174603175,194.22222222222223,3.0,6868.944444444444,0.5555555555555556,0.8492063492063492
696,10,32.0,206.57142857142856,3.0,6151.714285714285,0.5357142857142857,0.8214285714285714
697,10,32.0,187.66666666666663,3.0,3833.3333333333335,0.6666666666666666,1.0
698,9,111.75949367088609,206.2911392405064,3.0,7526.93670886076,0.6392405063291139,0.8544303797468354
699,9,108.40816326530611,255.26530612244892,3.0,4631.0,0.3877551020408163,0.7857142857142857
700,4,86.8974358974359,257.7179487179488,3.0,5785.102564102564,0.6666666666666666,0.6666666666666666
701,9,54.18552036199095,211.81900452488688,3.0,6447.3891402714935,0.497737556561086,0.8371040723981901
702,9.5,72.49056603773585,241.8679245283019,3.0,7814.981132075472,0.7735849056603774,0.9245283018867924
703,9,85.97727272727273,225.13636363636363,3.0,5793.871212121212,0.4621212121212121,0.7878787878787878
704,9,141.64444444444445,205.9481481481481,3.0,7270.807407407407,0.5259259259259259,0.9111111111111112
705,9,89.32075471698113,249.3490566037736,3.0,6175.084905660377,0.5943396226415094,0.7641509433962265
706,1,32.0,127.0,3.0,0.0,1.0,0.0
707,9,70.5391304347826,219.4,3.0,6750.008695652174,0.5217391304347826,0.8782608695652174
708,4,99.23076923076924,200.02564102564105,3.0,5730.717948717948,0.6923076923076923,0.8205128205128205
709,6.5,110.38260869565218,226.9391304347826,3.0,5880.973913043478,0.3826086956521739,0.8608695652173913
710,8,67.14285714285714,209.62637362637363,3.0,3586.362637362637,0.6153846153846154,0.7472527472527473
711,9,157.37719298245614,202.21052631578948,2.763157894736842,6554.850877192983,0.6052631578947368,0.8859649122807017
712,6,84.32894736842105,217.86184210526315,3.0,5506.526315789473,0.3881578947368421,0.8289473684210527
713,8.5,81.72592592592592,198.35555555555555,3.0,6998.866666666667,0.6148148148148148,0.8
714,9.5,89.0,271.0,3.0,4210.333333333333,0.6666666666666666,1.0
715,9,133.9268292682927,234.97560975609755,3.0,8079.158536585366,0.6219512195121951,0.9146341463414634
716,7.5,88.42857142857143,249.92857142857144,3.0,5710.775510204082,0.4081632653061224,0.8469387755102041
717,7.5,109.30263157894736,210.42105263157896,3.0,6654.703947368421,0.5328947368421053,0.9144736842105264
718,9,185.77777777777777,255.77777777777777,3.0,8888.888888888889,0.6666666666666666,1.0
719,7.5,112.87203791469194,228.6824644549763,3.0,6236.691943127962,0.4218009478672986,0.8815165876777251
720,9,141.84444444444443,195.9851851851852,2.6444444444444444,5499.407407407408,0.5185185185185185,0.8962962962962963
721,9,77.6470588235294,200.3823529411765,3.0,7546.029411764706,0.6078431372549019,0.8725490196078431
722,9,83.425,243.5,3.0,6150.616666666667,0.425,0.875
723,3,100.23076923076924,237.74358974358967,3.0,4994.623931623932,0.3162393162393162,0.7948717948717948
724,6.5,91.73949579831933,240.2521008403361,3.0,7141.1596638655465,0.6890756302521008,0.8823529411764706
725,9.5,156.59428571428572,215.17714285714283,3.0,7004.211428571429,0.5828571428571429,0.9085714285714286
726,9,116.13609467455622,213.8520710059172,3.0,6374.449704142012,0.591715976331361,0.8284023668639053
727,9,139.78804347826087,207.2717391304348,3.0,5545.396739130435,0.3858695652173913,0.8260869565217391
728,10,104.49489795918367,227.6734693877551,3.0,7190.647959183673,0.5561224489795918,0.8520408163265306
729,10,108.99641577060932,219.8028673835125,3.0,5434.870967741936,0.4050179211469534,0.8351254480286738
730,9.5,107.31875,217.9,3.0,5580.55625,0.5125,0.83125
731,9,118.46153846153848,213.64102564102564,3.0,6153.846153846154,0.6153846153846154,0.8974358974358975
732,7,116.83720930232558,226.5503875968992,3.0,5949.736434108527,0.5193798449612403,0.7906976744186046
733,8,117.66666666666669,223.14814814814807,3.0,6296.2962962962965,0.7037037037037037,0.9629629629629628
734,10,90.75,236.19444444444449,3.0,6292.933333333333,0.4,0.9111111111111112
735,7,94.31756756756756,211.7567567567568,2.95945945945946,7906.344594594595,0.7094594594594594,0.8851351351351351
736,5,76.3125,200.109375,3.0,6060.0234375,0.5078125,0.875
737,8,73.05343511450381,200.54961832061068,3.0,6968.732824427481,0.5038167938931297,0.8549618320610687
738,4.5,71.87096774193549,221.96774193548387,3.0,6305.967741935484,0.5483870967741935,0.8709677419354839
739,10,39.17857142857143,231.32142857142856,1.5,7285.714285714285,0.6785714285714286,0.9285714285714286
740,9,69.71428571428571,186.9553571428572,3.0,7098.035714285715,0.5535714285714286,0.9017857142857144
741,9.5,88.72962962962963,212.8851851851852,3.0,6508.35925925926,0.437037037037037,0.8222222222222222
742,7.5,88.65700483091787,215.72946859903385,3.0,6763.429951690821,0.5700483091787439,0.8599033816425121
743,7,70.74766355140187,202.45794392523365,3.0,7494.757009345794,0.5607476635514018,0.9532710280373832
744,8.5,104.94642857142856,217.2678571428572,3.0,7924.107142857143,0.8392857142857143,0.8392857142857143
745,2,80.15254237288136,182.3050847457627,3.0,4881.35593220339,0.4576271186440678,0.7627118644067796
746,9,135.35365853658536,225.5548780487805,3.0,4764.298780487805,0.3719512195121951,0.7926829268292683
747,10,72.0,237.0,3.0,6987.0,0.6363636363636364,0.8181818181818182
748,9,94.95412844036696,195.63302752293572,3.0,6083.862385321101,0.6422018348623854,0.7614678899082569
749,9,90.54022988505749,212.86206896551724,3.0,4944.563218390805,0.4942528735632184,0.7471264367816092
750,5.5,116.6896551724138,219.4022988505747,3.0,6481.908045977011,0.5114942528735632,0.867816091954023
751,8,122.4126213592233,208.93203883495147,3.0,5601.626213592233,0.4514563106796116,0.8640776699029126
752,5.5,112.89333333333332,212.12,3.0,7037.18,0.6066666666666667,0.8933333333333333
753,4,113.4375,220.625,3.0,5893.5625,0.515625,0.796875
754,9,134.7741935483871,226.03225806451613,3.0,5161.290322580645,0.5161290322580645,0.8064516129032258
755,6.5,89.0,261.3333333333333,3.0,1153.6666666666667,0.3333333333333333,0.6666666666666666
756,9,135.83544303797467,222.81012658227849,3.0,6845.848101265823,0.5569620253164557,0.9113924050632912
757,8,108.4313725490196,197.15196078431373,3.0,6412.681372549019,0.5098039215686274,0.8284313725490197
758,6.5,100.98863636363636,218.89772727272728,3.0,6003.761363636364,0.6022727272727273,0.8181818181818182
759,10,105.51351351351352,218.77027027027023,3.0,5311.391891891892,0.3885135135135135,0.8108108108108109
760,8,148.05128205128204,236.48717948717947,3.0,6025.641025641025,0.6153846153846154,0.717948717948718
